Term,es,nes,pval,fdr,geneset_size,matched_size,genes,ledge_genes
positive regulation of metabolic process%GObp%GO:0009893,0.390968038288341,2.0482364172725727,0.0,0.0,3847,16,Plac8;Jund;Trim12a;Myb;Sphk1;Nipbl;Ifngr1;Bcl11a;Kmt2a;Fdps;Mif;Rbm3;Ssbp1;Elob;Nfix;Uqcc2,Plac8;Jund;Trim12a;Myb;Sphk1;Nipbl;Ifngr1;Bcl11a;Kmt2a;Fdps;Mif;Rbm3
regulation of nitrogen compound metabolic process%GObp%GO:0051171,0.34175620180634003,1.8309136830585424,0.0,0.0,5572,20,Plac8;Jund;Kcnq1ot1;Trim12a;Malat1;Myb;Ifi27;Sphk1;Nipbl;Ifngr1;Bcl11a;Kmt2a;Mif;Rbm3;Cks2;Elob;Birc5;Nfix;Uqcc2;Alad,Plac8;Jund;Kcnq1ot1;Trim12a;Malat1;Myb;Ifi27;Sphk1;Nipbl;Ifngr1;Bcl11a;Kmt2a
regulation of macromolecule biosynthetic process%GObp%GO:0010556,0.3187628281717731,inf,,0.0,3832,16,Plac8;Jund;Trim12a;Myb;Ifi27;Sphk1;Nipbl;Bcl11a;Kmt2a;Rbm3;Cks2;Ssbp1;Elob;Birc5;Nfix;Uqcc2,Plac8;Jund;Trim12a;Myb;Ifi27;Sphk1;Nipbl;Bcl11a;Kmt2a
regulation of gene expression%GObp%GO:0010468,0.40992237671214937,1.6905803906940542,0.0,0.026027397260273973,4945,21,Plac8;Jund;Kcnq1ot1;Trim12a;Malat1;Myb;Ifi27;Sphk1;Bst2;Nipbl;Ifngr1;Bcl11a;Kmt2a;Mif;Rbm3;Cks2;Lsm5;Elob;Birc5;Nfix;Uqcc2,Plac8;Jund;Kcnq1ot1;Trim12a;Malat1;Myb;Ifi27;Sphk1;Bst2;Nipbl;Ifngr1;Bcl11a;Kmt2a
regulation of primary metabolic process%GObp%GO:0080090,0.35011733532550093,1.6548671600553275,0.0,0.041643835616438356,5759,21,Plac8;Jund;Kcnq1ot1;Trim12a;Malat1;Myb;Ifi27;Sphk1;Nipbl;Ifngr1;Bcl11a;Kmt2a;Fdps;Mif;Rbm3;Cks2;Elob;Birc5;Nfix;Uqcc2;Alad,Plac8;Jund;Kcnq1ot1;Trim12a;Malat1;Myb;Ifi27;Sphk1;Nipbl;Ifngr1;Bcl11a;Kmt2a;Fdps;Mif;Rbm3;Cks2
regulation of macromolecule metabolic process%GObp%GO:0060255,0.3166245005795156,1.6308271910168297,0.0,0.05205479452054794,6349,23,Plac8;Jund;Kcnq1ot1;Trim12a;Malat1;Myb;Ifi27;Sphk1;Bst2;Nipbl;Ifngr1;Bcl11a;Kmt2a;Mif;Rbm3;Cks2;Ssbp1;Lsm5;Elob;Birc5;Nfix;Uqcc2;Alad,Plac8;Jund;Kcnq1ot1;Trim12a;Malat1;Myb;Ifi27;Sphk1;Bst2;Nipbl;Ifngr1;Bcl11a;Kmt2a
regulation of nucleobase-containing compound metabolic process%GObp%GO:0019219,0.4698332858562101,1.612584356126924,0.0,0.05949119373776909,3856,16,Plac8;Jund;Kcnq1ot1;Trim12a;Malat1;Myb;Ifi27;Sphk1;Nipbl;Bcl11a;Kmt2a;Rbm3;Cks2;Elob;Birc5;Nfix,Plac8;Jund;Kcnq1ot1;Trim12a;Malat1;Myb;Ifi27;Sphk1;Nipbl;Bcl11a;Kmt2a
regulation of RNA metabolic process%GObp%GO:0051252,0.437790705806764,1.592842257751994,0.0,0.06506849315068493,3590,15,Plac8;Jund;Trim12a;Malat1;Myb;Ifi27;Sphk1;Nipbl;Bcl11a;Kmt2a;Rbm3;Cks2;Elob;Birc5;Nfix,Plac8;Jund;Trim12a;Malat1;Myb;Ifi27;Sphk1;Nipbl;Bcl11a;Kmt2a
positive regulation of biological process%GObp%GO:0048518,0.36496837860147546,1.5429260969493657,0.0,0.07571606475716064,6622,23,Plac8;Jund;H2-Q7;H2-Q6;Trim12a;Malat1;Myb;Map1lc3b;Sphk1;Nipbl;Ifngr1;Bcl11a;Kmt2a;H2-K1;Fdps;Mif;Rbm3;Ssbp1;Elob;Birc5;Nfix;Uqcc2;Lgals1,Plac8;Jund;H2-Q7;H2-Q6;Trim12a;Malat1;Myb;Map1lc3b;Sphk1;Nipbl;Ifngr1;Bcl11a;Kmt2a;H2-K1;Fdps
regulation of metabolic process%GObp%GO:0019222,0.3303691342228548,1.4782915071771705,0.0,0.07634703196347033,6855,25,Plac8;Jund;Kcnq1ot1;Trim12a;Malat1;Myb;Ifi27;Sphk1;Bst2;Nipbl;Ifngr1;Bcl11a;Kmt2a;Fdps;Cox7a2;Mif;Rbm3;Cks2;Ssbp1;Lsm5;Elob;Birc5;Nfix;Uqcc2;Alad,Plac8;Jund;Kcnq1ot1;Trim12a;Malat1;Myb;Ifi27;Sphk1;Bst2;Nipbl;Ifngr1;Bcl11a;Kmt2a;Fdps;Cox7a2;Mif;Rbm3;Cks2
cellular response to stimulus%GObp%GO:0051716,0.28405503642919194,1.5103103483152927,0.0,0.07808219178082192,7203,15,Jund;H2-Q7;Myb;Map1lc3b;Gnb4;Ifi27;Sphk1;Nipbl;Ifngr1;Mif;Birc5;Mpo;Mt1;Mt2;Alad,Jund;H2-Q7;Myb;Map1lc3b;Gnb4;Ifi27;Sphk1;Nipbl;Ifngr1
positive regulation of cellular process%GObp%GO:0048522,0.33586171526467146,1.4979820775022221,0.0,0.08008429926238145,6069,22,Plac8;Jund;H2-Q7;H2-Q6;Trim12a;Malat1;Myb;Sphk1;Nipbl;Ifngr1;Bcl11a;Kmt2a;H2-K1;Fdps;Mif;Rbm3;Ssbp1;Elob;Birc5;Nfix;Uqcc2;Lgals1,Plac8;Jund;H2-Q7;H2-Q6;Trim12a;Malat1;Myb;Sphk1;Nipbl;Ifngr1;Bcl11a;Kmt2a;H2-K1;Fdps;Mif;Rbm3
developmental process%GObp%GO:0032502,0.30796917804041984,1.484849865692971,0.0,0.08180039138943249,5960,21,Plac8;Jund;Kcnq1ot1;H2-Q7;Erh;Myb;Vamp5;Sphk1;Nipbl;Ifngr1;Bcl11a;Kmt2a;H2-K1;Mif;Cks2;Ssbp1;Birc5;Nfix;Uqcrq;Prtn3;Lgals1,Plac8;Jund;Kcnq1ot1;H2-Q7;Erh;Myb;Vamp5;Sphk1;Nipbl;Ifngr1;Bcl11a;Kmt2a;H2-K1
nuclear lumen%GOcc%GO:0031981,0.2346053278117092,1.5456351008771416,0.0,0.08328767123287671,4068,15,Jund;Trim12a;Malat1;Myb;Nipbl;Bcl11a;Kmt2a;Fdps;Mif;Rbm3;Nop10;Elob;Birc5;Uqcc2;Mpo,Jund;Trim12a;Malat1;Myb;Nipbl;Bcl11a;Kmt2a;Fdps;Mif;Rbm3
regulation of biosynthetic process%GObp%GO:0009889,0.3139084654935993,1.5599683335862495,0.0,0.09254185692541858,4099,17,Plac8;Jund;Trim12a;Myb;Ifi27;Sphk1;Nipbl;Bcl11a;Kmt2a;Fdps;Rbm3;Cks2;Ssbp1;Elob;Birc5;Nfix;Uqcc2,Plac8;Jund;Trim12a;Myb;Ifi27;Sphk1;Nipbl;Bcl11a;Kmt2a;Fdps;Rbm3;Cks2;Ssbp1
regulation of cellular biosynthetic process%GObp%GO:0031326,0.3187628281717731,1.3616148354182869,0.0,0.1653505237711523,4019,16,Plac8;Jund;Trim12a;Myb;Ifi27;Sphk1;Nipbl;Bcl11a;Kmt2a;Rbm3;Cks2;Ssbp1;Elob;Birc5;Nfix;Uqcc2,Plac8;Jund;Trim12a;Myb;Ifi27;Sphk1;Nipbl;Bcl11a;Kmt2a
response to stress%GObp%GO:0006950,0.3636159225295294,1.3809302321289973,0.0,0.17568493150684933,3342,16,Plac8;H2-Q7;Trim12a;Map1lc3b;Ifi27;Sphk1;Bst2;Nipbl;Ifngr1;H2-K1;Mif;Rbm3;Atox1;Mpo;Mt1;Mt2,Plac8;H2-Q7;Trim12a;Map1lc3b;Ifi27;Sphk1;Bst2;Nipbl;Ifngr1;H2-K1;Mif;Rbm3
regulation of cellular metabolic process%GObp%GO:0031323,0.3176497750545187,1.3305145859985876,0.25,0.1908675799086758,5952,22,Plac8;Jund;Kcnq1ot1;Trim12a;Malat1;Myb;Ifi27;Sphk1;Nipbl;Ifngr1;Bcl11a;Kmt2a;Cox7a2;Mif;Rbm3;Cks2;Ssbp1;Elob;Birc5;Nfix;Uqcc2;Alad,Plac8;Jund;Kcnq1ot1;Trim12a;Malat1;Myb;Ifi27;Sphk1;Nipbl;Ifngr1;Bcl11a;Kmt2a;Cox7a2;Mif;Rbm3;Cks2
regulation of cellular process%GObp%GO:0050794,0.2605648032637278,1.2055469008901523,0.0,0.3852054794520548,12039,33,Plac8;Jund;Kcnq1ot1;H2-Q7;H2-Q6;Trim12a;Malat1;Myb;Gnb4;Ifi27;Sphk1;Bst2;Nipbl;Ifngr1;Bcl11a;Kmt2a;H2-K1;Fdps;Cox7a2;Mif;Rbm3;Cks2;Ssbp1;Atox1;Elob;Birc5;Nfix;Uqcc2;Mt1;Mt2;Prtn3;Alad;Lgals1,Plac8;Jund;Kcnq1ot1;H2-Q7;H2-Q6;Trim12a;Malat1;Myb;Gnb4;Ifi27;Sphk1;Bst2;Nipbl;Ifngr1;Bcl11a;Kmt2a;H2-K1;Fdps;Cox7a2;Mif;Rbm3
protein binding%GOmf%GO:0005515,0.25114856847186,1.1697973787398432,0.0,0.3927770859277709,9602,35,Plac8;Jund;Kcnq1ot1;H2-Q7;H2-Q6;Trim12a;Malat1;Myb;Map1lc3b;mt-Nd2;Ifi27;Sphk1;Bst2;Nipbl;Ifngr1;Bcl11a;Kmt2a;H2-K1;Ccdc50;Mif;Cks2;Psat1;Ssbp1;Atox1;Nop10;Lsm5;Cox7c;Icam4;Elob;Birc5;Nfix;Uqcrq;Prtn3;Alad;Lgals1,Plac8;Jund;Kcnq1ot1;H2-Q7;H2-Q6;Trim12a;Malat1;Myb;Map1lc3b;mt-Nd2;Ifi27;Sphk1;Bst2;Nipbl;Ifngr1;Bcl11a;Kmt2a;H2-K1
regulation of biological process%GObp%GO:0050789,0.24440605084089462,1.17378650592042,0.3333333333333333,0.3966079582517938,12629,36,Plac8;Jund;Kcnq1ot1;H2-Q7;H2-Q6;Trim12a;Malat1;Myb;Map1lc3b;Gnb4;Ifi27;Sphk1;Bst2;Nipbl;Ifngr1;Bcl11a;Kmt2a;H2-K1;Fdps;Cox7a2;Mif;Rbm3;Cks2;Ssbp1;Atox1;Lsm5;Elob;Birc5;Nfix;Uqcc2;Mpo;Mt1;Mt2;Prtn3;Alad;Lgals1,Plac8;Jund;Kcnq1ot1;H2-Q7;H2-Q6;Trim12a;Malat1;Myb;Map1lc3b;Gnb4;Ifi27;Sphk1;Bst2;Nipbl;Ifngr1;Bcl11a;Kmt2a;H2-K1;Fdps
biological regulation%GObp%GO:0065007,0.24440605084089462,1.2114399242175975,0.25,0.4,13279,36,Plac8;Jund;Kcnq1ot1;H2-Q7;H2-Q6;Trim12a;Malat1;Myb;Map1lc3b;Gnb4;Ifi27;Sphk1;Bst2;Nipbl;Ifngr1;Bcl11a;Kmt2a;H2-K1;Fdps;Cox7a2;Mif;Rbm3;Cks2;Ssbp1;Atox1;Lsm5;Elob;Birc5;Nfix;Uqcc2;Mpo;Mt1;Mt2;Prtn3;Alad;Lgals1,Plac8;Jund;Kcnq1ot1;H2-Q7;H2-Q6;Trim12a;Malat1;Myb;Map1lc3b;Gnb4;Ifi27;Sphk1;Bst2;Nipbl;Ifngr1;Bcl11a;Kmt2a;H2-K1;Fdps
response to stimulus%GObp%GO:0050896,0.26985287925434387,1.1250774114952076,0.3333333333333333,0.4933889219773675,9100,26,Plac8;Jund;H2-Q7;H2-Q6;Trim12a;Myb;Map1lc3b;Gnb4;Ifi27;Sphk1;Bst2;Nipbl;Ifngr1;Kmt2a;H2-K1;Mif;Rbm3;Atox1;Lsm5;Birc5;Rpl36al;Mpo;Mt1;Mt2;Alad;Lgals1,Plac8;Jund;H2-Q7;H2-Q6;Trim12a;Myb;Map1lc3b;Gnb4;Ifi27;Sphk1;Bst2;Nipbl;Ifngr1;Kmt2a;H2-K1
protein-containing complex binding%GOmf%GO:0044877,0.20412054902179988,1.024050077497986,0.25,0.7157534246575342,1575,15,Kcnq1ot1;H2-Q7;H2-Q6;Malat1;Gnb4;Nipbl;H2-K1;Rbm3;Sec61g;Atp5k;Uqcrb;Icam4;Elob;Atp5e;Alad,Kcnq1ot1;H2-Q7;H2-Q6;Malat1
binding%GOmf%GO:0005488,0.2202172501562266,0.9699764755416078,0.5,0.7711821410451547,14113,50,Plac8;Jund;Kcnq1ot1;H2-Q7;H2-Q6;Trim12a;Malat1;Erh;Myb;Map1lc3b;Lars2;Gnb4;Car1;mt-Nd2;Ifi27;Sphk1;Bst2;Nipbl;Ifngr1;Bcl11a;Kmt2a;H2-K1;Fdps;Ccdc50;Mif;Rbm3;Cks2;Psat1;Ssbp1;Sec61g;Atp5k;Atox1;Nop10;Uqcrb;Lsm5;Cox7c;Snrpf;Icam4;Elob;Birc5;Nfix;Rpl41;Uqcrq;Mpo;Atp5e;Mt1;Mt2;Prtn3;Alad;Lgals1,Plac8;Jund;Kcnq1ot1;H2-Q7;H2-Q6;Trim12a;Malat1;Erh;Myb;Map1lc3b;Lars2;Gnb4;Car1;mt-Nd2
cytoplasm%GOcc%GO:0005737,-0.44258615652573075,-1.736361816338551,0.0,0.7771428571428571,11554,59,H2-Q7;H2-Q6;Trim12a;Erh;Myb;Map1lc3b;Lars2;Gnb4;Car1;mt-Nd2;mt-Co3;Vamp5;Ifi27;Sphk1;Bst2;Nipbl;Ifngr1;Bcl11a;Kmt2a;H2-K1;Fdps;mt-Atp6;Cox7a2;Ccdc50;Mif;Rbm3;Atp5j2;Cox8a;Psat1;Ssbp1;Sec61g;Atp5k;Cox5b;Atox1;Uqcrb;Cox6c;Lsm5;Cox7c;Uqcr10;Rpl35a;Snrpf;Icam4;Ost4;Atp5l;Elob;Birc5;Uqcc2;Rpl41;Rpl36al;Uqcrq;Mpo;Atp5e;Mt1;Uqcr11;Mt2;Echdc2;Prtn3;Alad;Lgals1,Erh;Myb;Map1lc3b;Lars2;Gnb4;Car1;mt-Nd2;mt-Co3;Vamp5;Ifi27;Sphk1;Bst2;Nipbl;Ifngr1;Bcl11a;Kmt2a;H2-K1;Fdps;mt-Atp6;Cox7a2;Ccdc50;Mif;Rbm3;Atp5j2;Cox8a;Psat1;Ssbp1;Sec61g;Atp5k;Cox5b;Atox1;Uqcrb;Cox6c;Lsm5;Cox7c;Uqcr10;Rpl35a;Snrpf;Icam4;Ost4;Atp5l;Elob;Birc5;Uqcc2;Rpl41;Rpl36al;Uqcrq;Mpo;Atp5e;Mt1;Uqcr11;Mt2;Echdc2;Prtn3;Alad;Lgals1
negative regulation of metabolic process%GObp%GO:0009892,0.2683043713732955,0.969989257539725,0.25,0.8008429926238145,3149,15,Jund;Kcnq1ot1;Myb;Ifi27;Sphk1;Bst2;Nipbl;Bcl11a;Kmt2a;Mif;Rbm3;Lsm5;Birc5;Nfix;Alad,Jund;Kcnq1ot1;Myb;Ifi27;Sphk1;Bst2;Nipbl;Bcl11a;Kmt2a;Mif;Rbm3
cellular macromolecule metabolic process%GObp%GO:0044260,0.24074074074074067,0.9729238763982033,0.6,0.8287123287671232,4010,17,Kcnq1ot1;Trim12a;Lars2;Ifi27;Sphk1;Nipbl;Bcl11a;Kmt2a;Rbm3;Ssbp1;Nop10;Lsm5;Rpl35a;Ost4;Birc5;Nfix;Rpl41,Kcnq1ot1;Trim12a;Lars2;Ifi27;Sphk1;Nipbl;Bcl11a;Kmt2a;Rbm3;Ssbp1;Nop10;Lsm5;Rpl35a;Ost4;Birc5;Nfix;Rpl41
organic cyclic compound binding%GOmf%GO:0097159,0.19257719300256168,0.7284612642307904,0.6666666666666666,0.9102152641878669,5556,17,Jund;Kcnq1ot1;Erh;Myb;Lars2;Sphk1;Bcl11a;Kmt2a;Rbm3;Psat1;Ssbp1;Nop10;Lsm5;Snrpf;Nfix;Rpl41;Mpo,Jund;Kcnq1ot1;Erh;Myb;Lars2
organelle membrane%GOcc%GO:0031090,0.13333333333333336,0.7360903500860233,1.0,0.9308622078968574,2340,26,H2-Q7;H2-Q6;Map1lc3b;mt-Nd2;mt-Co3;Vamp5;Ifi27;Sphk1;H2-K1;mt-Atp6;Cox7a2;Atp5j2;Cox8a;Sec61g;Atp5k;Cox5b;Uqcrb;Cox6c;Cox7c;Uqcr10;Ost4;Atp5l;Uqcc2;Uqcrq;Atp5e;Uqcr11,H2-Q7;H2-Q6;Map1lc3b;mt-Nd2;mt-Co3;Vamp5;Ifi27;Sphk1;H2-K1;mt-Atp6;Cox7a2;Atp5j2;Cox8a;Sec61g;Atp5k;Cox5b;Uqcrb;Cox6c;Cox7c;Uqcr10;Ost4;Atp5l;Uqcc2;Uqcrq;Atp5e;Uqcr11
macromolecule metabolic process%GObp%GO:0043170,0.15826415638864716,0.7462887998246581,0.6,0.9559153175591532,5733,21,Jund;Kcnq1ot1;Trim12a;Lars2;Ifi27;Sphk1;Nipbl;Bcl11a;Kmt2a;Rbm3;Ssbp1;Nop10;Lsm5;Rpl35a;Snrpf;Ost4;Elob;Birc5;Nfix;Rpl41;Prtn3,Jund;Kcnq1ot1;Trim12a;Lars2;Ifi27;Sphk1;Nipbl;Bcl11a;Kmt2a;Rbm3;Ssbp1;Nop10;Lsm5;Rpl35a;Snrpf;Ost4;Elob;Birc5;Nfix;Rpl41
anatomical structure development%GObp%GO:0048856,0.21836015437910336,0.8357532159061367,1.0,0.9704500978473581,5516,18,Jund;Kcnq1ot1;H2-Q7;Myb;Vamp5;Sphk1;Nipbl;Ifngr1;Bcl11a;Kmt2a;H2-K1;Cks2;Ssbp1;Birc5;Nfix;Uqcrq;Prtn3;Lgals1,Jund;Kcnq1ot1;H2-Q7;Myb;Vamp5;Sphk1;Nipbl;Ifngr1;Bcl11a;Kmt2a;H2-K1
heterocyclic compound binding%GOmf%GO:1901363,0.19257719300256168,0.755486419401054,1.0,0.9727739726027398,5474,17,Jund;Kcnq1ot1;Erh;Myb;Lars2;Sphk1;Bcl11a;Kmt2a;Rbm3;Psat1;Ssbp1;Nop10;Lsm5;Snrpf;Nfix;Rpl41;Mpo,Jund;Kcnq1ot1;Erh;Myb;Lars2
biological_process%GObp%GO:0008150,0.27005328195996325,0.8172109365857676,0.75,0.972886159659896,29961,65,Plac8;Jund;Kcnq1ot1;H2-Q7;H2-Q6;Trim12a;Malat1;Erh;Myb;Map1lc3b;Lars2;Gnb4;Car1;mt-Nd2;mt-Co3;Vamp5;Ifi27;Sphk1;Bst2;Nipbl;Ifngr1;Bcl11a;Fam117b;Kmt2a;H2-K1;Fdps;mt-Atp6;Cox7a2;Ccdc50;Mif;Rbm3;Atp5j2;Cks2;Psat1;Ssbp1;Sec61g;Atp5k;Cox5b;Atox1;Nop10;Uqcrb;Cox6c;Lsm5;Cox7c;Uqcr10;Rpl35a;Snrpf;Icam4;Ost4;Atp5l;Elob;Birc5;Nfix;Uqcc2;Rpl41;Rpl36al;Uqcrq;Mpo;Atp5e;Mt1;Mt2;Echdc2;Prtn3;Alad;Lgals1,Plac8;Jund;Kcnq1ot1;H2-Q7;H2-Q6;Trim12a;Malat1;Erh;Myb;Map1lc3b;Lars2;Gnb4;Car1;mt-Nd2;mt-Co3;Vamp5;Ifi27;Sphk1;Bst2;Nipbl;Ifngr1;Bcl11a;Fam117b;Kmt2a;H2-K1;Fdps;mt-Atp6;Cox7a2;Ccdc50;Mif;Rbm3;Atp5j2;Cks2;Psat1;Ssbp1;Sec61g;Atp5k;Cox5b;Atox1;Nop10;Uqcrb;Cox6c;Lsm5;Cox7c;Uqcr10;Rpl35a;Snrpf;Icam4;Ost4;Atp5l;Elob;Birc5;Nfix;Uqcc2;Rpl41
cellular aromatic compound metabolic process%GObp%GO:0006725,-0.10988108747218774,-0.397129693221503,1.0,0.9980952380952381,2496,18,Jund;Kcnq1ot1;Lars2;Sphk1;Nipbl;Kmt2a;mt-Atp6;Rbm3;Atp5j2;Atp5k;Nop10;Lsm5;Rpl35a;Snrpf;Atp5l;Elob;Atp5e;Alad,Sphk1;Nipbl;Kmt2a;mt-Atp6;Rbm3;Atp5j2;Atp5k;Nop10;Lsm5;Rpl35a;Snrpf;Atp5l;Elob;Atp5e;Alad
cellular nitrogen compound metabolic process%GObp%GO:0034641,-0.14435989362652502,-0.5583707447499542,0.8,1.0,3002,19,Jund;Kcnq1ot1;Lars2;Sphk1;Nipbl;Kmt2a;mt-Atp6;Rbm3;Atp5j2;Atp5k;Nop10;Lsm5;Rpl35a;Snrpf;Atp5l;Elob;Rpl41;Atp5e;Alad,Atp5k;Nop10;Lsm5;Rpl35a;Snrpf;Atp5l;Elob;Rpl41;Atp5e;Alad
localization%GObp%GO:0051179,-0.2540315634414865,-0.8725168595321223,0.8,1.0,5100,15,Kcnq1ot1;Myb;mt-Co3;Vamp5;Nipbl;mt-Atp6;Atp5j2;Sec61g;Atp5k;Atox1;Atp5l;Birc5;Atp5e;Prtn3;Lgals1,Prtn3;Lgals1
nucleus%GOcc%GO:0005634,-0.18506838295466624,-0.8512790823326297,0.8,1.0,7352,27,Plac8;Jund;Trim12a;Malat1;Erh;Myb;Ifi27;Sphk1;Nipbl;Bcl11a;Kmt2a;Fdps;Mif;Rbm3;Atp5j2;Nop10;Lsm5;Snrpf;Elob;Birc5;Nfix;Uqcc2;Rpl36al;Mpo;Mt1;Mt2;Lgals1,Elob;Birc5;Nfix;Uqcc2;Rpl36al;Mpo;Mt1;Mt2;Lgals1
cellular component organization or biogenesis%GObp%GO:0071840,-0.1445826724300938,-0.5248168919689231,0.8333333333333334,1.0,5492,21,Kcnq1ot1;Malat1;Myb;Map1lc3b;mt-Nd2;mt-Co3;Nipbl;Bcl11a;Kmt2a;Cox7a2;Mif;Cks2;Ssbp1;Nop10;Rpl35a;Snrpf;Birc5;Uqcc2;Mpo;Prtn3;Alad,Prtn3;Alad
integral component of membrane%GOcc%GO:0016021,-0.19938372044398278,-0.7329231899093619,0.8333333333333334,1.0,5968,19,H2-Q7;mt-Nd2;mt-Co3;Vamp5;Bst2;Ifngr1;H2-K1;Cox7a2;Atp5j2;Cox8a;Sec61g;Uqcrb;Cox6c;Cox7c;Uqcr10;Icam4;Ost4;Uqcrq;Uqcr11,mt-Nd2;mt-Co3;Vamp5;Bst2;Ifngr1;H2-K1;Cox7a2;Atp5j2;Cox8a;Sec61g;Uqcrb;Cox6c;Cox7c;Uqcr10;Icam4;Ost4;Uqcrq;Uqcr11
membrane-bounded organelle%GOcc%GO:0043227,-0.1952374692496603,-0.724743166243527,0.8333333333333334,1.0,12185,57,Plac8;Jund;H2-Q7;H2-Q6;Trim12a;Malat1;Erh;Myb;Map1lc3b;Lars2;mt-Nd2;mt-Co3;Vamp5;Ifi27;Sphk1;Bst2;Nipbl;Ifngr1;Bcl11a;Kmt2a;H2-K1;Fdps;mt-Atp6;Cox7a2;Mif;Rbm3;Atp5j2;Cox8a;Ssbp1;Sec61g;Atp5k;Cox5b;Nop10;Uqcrb;Cox6c;Lsm5;Cox7c;Uqcr10;Rpl35a;Snrpf;Ost4;Atp5l;Elob;Birc5;Nfix;Uqcc2;Rpl41;Rpl36al;Uqcrq;Mpo;Atp5e;Mt1;Uqcr11;Mt2;Echdc2;Prtn3;Lgals1,Nop10;Uqcrb;Cox6c;Lsm5;Cox7c;Uqcr10;Rpl35a;Snrpf;Ost4;Atp5l;Elob;Birc5;Nfix;Uqcc2;Rpl41;Rpl36al;Uqcrq;Mpo;Atp5e;Mt1;Uqcr11;Mt2;Echdc2;Prtn3;Lgals1
multicellular organismal process%GObp%GO:0032501,-0.2240989331178881,-0.8454208115257853,0.8333333333333334,1.0,7780,19,Jund;H2-Q7;Erh;Myb;Vamp5;Sphk1;Nipbl;Ifngr1;Bcl11a;Kmt2a;H2-K1;Ccdc50;Cks2;Birc5;Nfix;Uqcrq;Mpo;Prtn3;Lgals1,Birc5;Nfix;Uqcrq;Mpo;Prtn3;Lgals1
nucleobase-containing compound metabolic process%GObp%GO:0006139,0.22318991314469672,0.78967001306348,0.8333333333333334,1.0,2283,17,Jund;Kcnq1ot1;Lars2;Sphk1;Nipbl;Kmt2a;mt-Atp6;Rbm3;Atp5j2;Atp5k;Nop10;Lsm5;Rpl35a;Snrpf;Atp5l;Elob;Atp5e,Jund;Kcnq1ot1;Lars2;Sphk1;Nipbl;Kmt2a;mt-Atp6;Rbm3;Atp5j2;Atp5k;Nop10;Lsm5;Rpl35a;Snrpf;Atp5l;Elob
organic substance metabolic process%GObp%GO:0071704,-0.22451455123149786,-0.8397395868868358,0.8333333333333334,1.0,7458,32,Jund;Kcnq1ot1;Trim12a;Lars2;Ifi27;Sphk1;Nipbl;Bcl11a;Kmt2a;Fdps;mt-Atp6;Mif;Rbm3;Atp5j2;Psat1;Ssbp1;Atp5k;Nop10;Lsm5;Rpl35a;Snrpf;Ost4;Atp5l;Elob;Birc5;Nfix;Rpl41;Mpo;Atp5e;Echdc2;Prtn3;Alad,Rpl35a;Snrpf;Ost4;Atp5l;Elob;Birc5;Nfix;Rpl41;Mpo;Atp5e;Echdc2;Prtn3;Alad
organelle%GOcc%GO:0043226,-0.16748547194629043,-0.6965091361031563,0.8571428571428571,1.0,13099,58,Plac8;Jund;H2-Q7;H2-Q6;Trim12a;Malat1;Erh;Myb;Map1lc3b;Lars2;mt-Nd2;mt-Co3;Vamp5;Ifi27;Sphk1;Bst2;Nipbl;Ifngr1;Bcl11a;Kmt2a;H2-K1;Fdps;mt-Atp6;Cox7a2;Ccdc50;Mif;Rbm3;Atp5j2;Cox8a;Ssbp1;Sec61g;Atp5k;Cox5b;Nop10;Uqcrb;Cox6c;Lsm5;Cox7c;Uqcr10;Rpl35a;Snrpf;Ost4;Atp5l;Elob;Birc5;Nfix;Uqcc2;Rpl41;Rpl36al;Uqcrq;Mpo;Atp5e;Mt1;Uqcr11;Mt2;Echdc2;Prtn3;Lgals1,mt-Nd2;mt-Co3;Vamp5;Ifi27;Sphk1;Bst2;Nipbl;Ifngr1;Bcl11a;Kmt2a;H2-K1;Fdps;mt-Atp6;Cox7a2;Ccdc50;Mif;Rbm3;Atp5j2;Cox8a;Ssbp1;Sec61g;Atp5k;Cox5b;Nop10;Uqcrb;Cox6c;Lsm5;Cox7c;Uqcr10;Rpl35a;Snrpf;Ost4;Atp5l;Elob;Birc5;Nfix;Uqcc2;Rpl41;Rpl36al;Uqcrq;Mpo;Atp5e;Mt1;Uqcr11;Mt2;Echdc2;Prtn3;Lgals1
cellular metabolic process%GObp%GO:0044237,-0.16578046148025907,-0.6713817094544773,0.8888888888888888,1.0,6791,40,Jund;Kcnq1ot1;Trim12a;Map1lc3b;Lars2;Car1;mt-Nd2;mt-Co3;Ifi27;Sphk1;Nipbl;Bcl11a;Kmt2a;Fdps;mt-Atp6;Mif;Rbm3;Atp5j2;Psat1;Ssbp1;Atp5k;Cox5b;Nop10;Uqcrb;Lsm5;Cox7c;Uqcr10;Rpl35a;Snrpf;Ost4;Atp5l;Elob;Birc5;Nfix;Rpl41;Uqcrq;Mpo;Atp5e;Echdc2;Alad,Map1lc3b;Lars2;Car1;mt-Nd2;mt-Co3;Ifi27;Sphk1;Nipbl;Bcl11a;Kmt2a;Fdps;mt-Atp6;Mif;Rbm3;Atp5j2;Psat1;Ssbp1;Atp5k;Cox5b;Nop10;Uqcrb;Lsm5;Cox7c;Uqcr10;Rpl35a;Snrpf;Ost4;Atp5l;Elob;Birc5;Nfix;Rpl41;Uqcrq;Mpo;Atp5e;Echdc2;Alad
intracellular membrane-bounded organelle%GOcc%GO:0043231,-0.1952374692496603,-0.7307195995794185,0.8888888888888888,1.0,11713,57,Plac8;Jund;H2-Q7;H2-Q6;Trim12a;Malat1;Erh;Myb;Map1lc3b;Lars2;mt-Nd2;mt-Co3;Vamp5;Ifi27;Sphk1;Bst2;Nipbl;Ifngr1;Bcl11a;Kmt2a;H2-K1;Fdps;mt-Atp6;Cox7a2;Mif;Rbm3;Atp5j2;Cox8a;Ssbp1;Sec61g;Atp5k;Cox5b;Nop10;Uqcrb;Cox6c;Lsm5;Cox7c;Uqcr10;Rpl35a;Snrpf;Ost4;Atp5l;Elob;Birc5;Nfix;Uqcc2;Rpl41;Rpl36al;Uqcrq;Mpo;Atp5e;Mt1;Uqcr11;Mt2;Echdc2;Prtn3;Lgals1,Nop10;Uqcrb;Cox6c;Lsm5;Cox7c;Uqcr10;Rpl35a;Snrpf;Ost4;Atp5l;Elob;Birc5;Nfix;Uqcc2;Rpl41;Rpl36al;Uqcrq;Mpo;Atp5e;Mt1;Uqcr11;Mt2;Echdc2;Prtn3;Lgals1
cellular component organization%GObp%GO:0016043,-0.15347029202779294,-0.7191182347605787,1.0,1.0,5296,20,Kcnq1ot1;Malat1;Myb;Map1lc3b;mt-Nd2;mt-Co3;Nipbl;Bcl11a;Kmt2a;Cox7a2;Mif;Cks2;Ssbp1;Nop10;Snrpf;Birc5;Uqcc2;Mpo;Prtn3;Alad,Prtn3;Alad
metabolic process%GOmf%GO:0008152,-0.16852172646793664,-0.7756244242503886,0.75,1.0,3158,18,Trim12a;Lars2;mt-Nd2;mt-Co3;Sphk1;Kmt2a;mt-Atp6;Cox7a2;Atp5j2;Cox8a;Atp5k;Cox6c;Cox7c;Atp5l;Uqcrq;Atp5e;Uqcr11;Prtn3,Uqcrq;Atp5e;Uqcr11;Prtn3
cellular metabolic process%GOmf%GO:0044237,-0.13600885198019325,-0.4367033174218073,1.0,1.0,2478,17,Trim12a;Lars2;mt-Nd2;mt-Co3;Sphk1;Kmt2a;mt-Atp6;Cox7a2;Atp5j2;Cox8a;Atp5k;Cox6c;Cox7c;Atp5l;Uqcrq;Atp5e;Uqcr11,Lars2;mt-Nd2;mt-Co3;Sphk1;Kmt2a;mt-Atp6;Cox7a2;Atp5j2;Cox8a;Atp5k;Cox6c;Cox7c;Atp5l;Uqcrq;Atp5e;Uqcr11
cellular process%GObp%GO:0009987,-0.16179992692422612,-0.5812379448597644,1.0,1.0,15998,58,Plac8;Jund;Kcnq1ot1;H2-Q7;Trim12a;Malat1;Erh;Myb;Map1lc3b;Lars2;Gnb4;Car1;mt-Nd2;mt-Co3;Vamp5;Ifi27;Sphk1;Nipbl;Ifngr1;Bcl11a;Kmt2a;Fdps;mt-Atp6;Cox7a2;Mif;Rbm3;Atp5j2;Cks2;Psat1;Ssbp1;Sec61g;Atp5k;Cox5b;Atox1;Nop10;Uqcrb;Lsm5;Cox7c;Uqcr10;Rpl35a;Snrpf;Icam4;Ost4;Atp5l;Elob;Birc5;Nfix;Uqcc2;Rpl41;Uqcrq;Mpo;Atp5e;Mt1;Mt2;Echdc2;Prtn3;Alad;Lgals1,Psat1;Ssbp1;Sec61g;Atp5k;Cox5b;Atox1;Nop10;Uqcrb;Lsm5;Cox7c;Uqcr10;Rpl35a;Snrpf;Icam4;Ost4;Atp5l;Elob;Birc5;Nfix;Uqcc2;Rpl41;Uqcrq;Mpo;Atp5e;Mt1;Mt2;Echdc2;Prtn3;Alad;Lgals1
heterocycle metabolic process%GObp%GO:0046483,-0.10988108747218774,-0.4202104740841524,1.0,1.0,2420,18,Jund;Kcnq1ot1;Lars2;Sphk1;Nipbl;Kmt2a;mt-Atp6;Rbm3;Atp5j2;Atp5k;Nop10;Lsm5;Rpl35a;Snrpf;Atp5l;Elob;Atp5e;Alad,Sphk1;Nipbl;Kmt2a;mt-Atp6;Rbm3;Atp5j2;Atp5k;Nop10;Lsm5;Rpl35a;Snrpf;Atp5l;Elob;Atp5e;Alad
intracellular organelle lumen%GOcc%GO:0070013,0.13672511590614683,0.5551450801950919,1.0,1.0,4500,17,Jund;Trim12a;Malat1;Myb;Nipbl;Bcl11a;Kmt2a;Fdps;Mif;Rbm3;Ssbp1;Nop10;Elob;Birc5;Uqcc2;Mpo;Prtn3,Jund;Trim12a;Malat1;Myb
intracellular organelle%GOcc%GO:0043229,-0.16748547194629043,-0.6926987369973315,1.0,1.0,12770,58,Plac8;Jund;H2-Q7;H2-Q6;Trim12a;Malat1;Erh;Myb;Map1lc3b;Lars2;mt-Nd2;mt-Co3;Vamp5;Ifi27;Sphk1;Bst2;Nipbl;Ifngr1;Bcl11a;Kmt2a;H2-K1;Fdps;mt-Atp6;Cox7a2;Ccdc50;Mif;Rbm3;Atp5j2;Cox8a;Ssbp1;Sec61g;Atp5k;Cox5b;Nop10;Uqcrb;Cox6c;Lsm5;Cox7c;Uqcr10;Rpl35a;Snrpf;Ost4;Atp5l;Elob;Birc5;Nfix;Uqcc2;Rpl41;Rpl36al;Uqcrq;Mpo;Atp5e;Mt1;Uqcr11;Mt2;Echdc2;Prtn3;Lgals1,mt-Nd2;mt-Co3;Vamp5;Ifi27;Sphk1;Bst2;Nipbl;Ifngr1;Bcl11a;Kmt2a;H2-K1;Fdps;mt-Atp6;Cox7a2;Ccdc50;Mif;Rbm3;Atp5j2;Cox8a;Ssbp1;Sec61g;Atp5k;Cox5b;Nop10;Uqcrb;Cox6c;Lsm5;Cox7c;Uqcr10;Rpl35a;Snrpf;Ost4;Atp5l;Elob;Birc5;Nfix;Uqcc2;Rpl41;Rpl36al;Uqcrq;Mpo;Atp5e;Mt1;Uqcr11;Mt2;Echdc2;Prtn3;Lgals1
membrane protein complex%GOcc%GO:0098796,-0.18308278436252978,-0.6733946580087681,1.0,1.0,1219,22,H2-Q7;H2-Q6;Gnb4;mt-Nd2;mt-Co3;H2-K1;mt-Atp6;Cox7a2;Atp5j2;Cox8a;Sec61g;Atp5k;Cox5b;Uqcrb;Cox6c;Cox7c;Uqcr10;Ost4;Atp5l;Uqcrq;Atp5e;Uqcr11,H2-K1;mt-Atp6;Cox7a2;Atp5j2;Cox8a;Sec61g;Atp5k;Cox5b;Uqcrb;Cox6c;Cox7c;Uqcr10;Ost4;Atp5l;Uqcrq;Atp5e;Uqcr11
membrane%GOcc%GO:0016020,-0.12316717324466343,-0.46516048795482984,1.0,1.0,9651,35,H2-Q7;H2-Q6;Erh;Map1lc3b;Gnb4;mt-Nd2;mt-Co3;Vamp5;Ifi27;Sphk1;Bst2;Ifngr1;H2-K1;mt-Atp6;Cox7a2;Mif;Atp5j2;Cox8a;Sec61g;Atp5k;Cox5b;Uqcrb;Cox6c;Cox7c;Uqcr10;Icam4;Ost4;Atp5l;Birc5;Uqcc2;Rpl36al;Uqcrq;Atp5e;Uqcr11;Prtn3,Erh;Map1lc3b;Gnb4;mt-Nd2;mt-Co3;Vamp5;Ifi27;Sphk1;Bst2;Ifngr1;H2-K1;mt-Atp6;Cox7a2;Mif;Atp5j2;Cox8a;Sec61g;Atp5k;Cox5b;Uqcrb;Cox6c;Cox7c;Uqcr10;Icam4;Ost4;Atp5l;Birc5;Uqcc2;Rpl36al;Uqcrq;Atp5e;Uqcr11;Prtn3
membrane-enclosed lumen%GOcc%GO:0031974,0.13672511590614683,0.5605092039421262,1.0,1.0,4501,17,Jund;Trim12a;Malat1;Myb;Nipbl;Bcl11a;Kmt2a;Fdps;Mif;Rbm3;Ssbp1;Nop10;Elob;Birc5;Uqcc2;Mpo;Prtn3,Jund;Trim12a;Malat1;Myb
molecular_function%GOmf%GO:0003674,-0.16351954030296945,-0.4721529258443253,1.0,1.0,29245,64,Plac8;Jund;Kcnq1ot1;H2-Q7;H2-Q6;Trim12a;Malat1;Erh;Myb;Map1lc3b;Lars2;Gnb4;Car1;mt-Nd2;mt-Co3;Ifi27;Sphk1;Bst2;Nipbl;Ifngr1;Bcl11a;Fam117b;Kmt2a;H2-K1;Fdps;mt-Atp6;Cox7a2;Ccdc50;Mif;Rbm3;Atp5j2;Cks2;Cox8a;Psat1;Ssbp1;Sec61g;Atp5k;Atox1;Nop10;Uqcrb;Cox6c;Lsm5;Cox7c;Rpl35a;Snrpf;Icam4;Ost4;Atp5l;Elob;Birc5;Nfix;Uqcc2;Rpl41;Rpl36al;Uqcrq;Mpo;Atp5e;Mt1;Uqcr11;Mt2;Echdc2;Prtn3;Alad;Lgals1,Trim12a;Malat1;Erh;Myb;Map1lc3b;Lars2;Gnb4;Car1;mt-Nd2;mt-Co3;Ifi27;Sphk1;Bst2;Nipbl;Ifngr1;Bcl11a;Fam117b;Kmt2a;H2-K1;Fdps;mt-Atp6;Cox7a2;Ccdc50;Mif;Rbm3;Atp5j2;Cks2;Cox8a;Psat1;Ssbp1;Sec61g;Atp5k;Atox1;Nop10;Uqcrb;Cox6c;Lsm5;Cox7c;Rpl35a;Snrpf;Icam4;Ost4;Atp5l;Elob;Birc5;Nfix;Uqcc2;Rpl41;Rpl36al;Uqcrq;Mpo;Atp5e;Mt1;Uqcr11;Mt2;Echdc2;Prtn3;Alad;Lgals1
organelle lumen%GOcc%GO:0043233,0.13672511590614683,0.4555542043328671,1.0,1.0,4501,17,Jund;Trim12a;Malat1;Myb;Nipbl;Bcl11a;Kmt2a;Fdps;Mif;Rbm3;Ssbp1;Nop10;Elob;Birc5;Uqcc2;Mpo;Prtn3,Jund;Trim12a;Malat1;Myb
biological_process%GOmf%GO:0008150,-0.11672626555743018,-0.7093016320632564,1.0,1.0,9778,30,Jund;Trim12a;Myb;Lars2;mt-Nd2;mt-Co3;Sphk1;Bst2;Ifngr1;Bcl11a;Kmt2a;mt-Atp6;Cox7a2;Mif;Atp5j2;Cks2;Cox8a;Sec61g;Atp5k;Cox6c;Cox7c;Atp5l;Elob;Birc5;Nfix;Uqcrq;Mpo;Atp5e;Uqcr11;Prtn3,mt-Nd2;mt-Co3;Sphk1;Bst2;Ifngr1;Bcl11a;Kmt2a;mt-Atp6;Cox7a2;Mif;Atp5j2;Cks2;Cox8a;Sec61g;Atp5k;Cox6c;Cox7c;Atp5l;Elob;Birc5;Nfix;Uqcrq;Mpo;Atp5e;Uqcr11;Prtn3
endomembrane system%GOcc%GO:0012505,0.20433162196457913,0.770973620410116,0.75,1.0,4128,16,H2-Q7;H2-Q6;Trim12a;Vamp5;Ifi27;Sphk1;Bst2;Ifngr1;H2-K1;Atp5j2;Sec61g;Ost4;Rpl41;Rpl36al;Mpo;Prtn3,H2-Q7;H2-Q6;Trim12a;Vamp5;Ifi27;Sphk1;Bst2;Ifngr1
mitochondrial inner membrane%GOcc%GO:0005743,-0.37154977584608584,-1.1336856380387113,0.3333333333333333,1.0,461,17,mt-Nd2;mt-Co3;mt-Atp6;Cox7a2;Atp5j2;Cox8a;Atp5k;Cox5b;Uqcrb;Cox6c;Cox7c;Uqcr10;Atp5l;Uqcc2;Uqcrq;Atp5e;Uqcr11,mt-Atp6;Cox7a2;Atp5j2;Cox8a;Atp5k;Cox5b;Uqcrb;Cox6c;Cox7c;Uqcr10;Atp5l;Uqcc2;Uqcrq;Atp5e;Uqcr11
cellular process%GOmf%GO:0009987,-0.17200135460552274,-0.8480149460133475,0.6666666666666666,1.0,5447,22,Trim12a;Lars2;mt-Nd2;mt-Co3;Sphk1;Ifngr1;Kmt2a;mt-Atp6;Cox7a2;Mif;Atp5j2;Cox8a;Sec61g;Atp5k;Cox6c;Cox7c;Atp5l;Birc5;Uqcrq;Mpo;Atp5e;Uqcr11,Lars2;mt-Nd2;mt-Co3;Sphk1;Ifngr1;Kmt2a;mt-Atp6;Cox7a2;Mif;Atp5j2;Cox8a;Sec61g;Atp5k;Cox6c;Cox7c;Atp5l;Birc5;Uqcrq;Mpo;Atp5e;Uqcr11
cytosol%GOcc%GO:0005829,-0.3502523872345247,-1.461977535684269,0.0,1.0,3851,23,Trim12a;Myb;Map1lc3b;Sphk1;Bst2;Nipbl;Kmt2a;Fdps;Ccdc50;Mif;Psat1;Atox1;Rpl35a;Snrpf;Elob;Birc5;Rpl41;Rpl36al;Mt1;Mt2;Prtn3;Alad;Lgals1,Rpl35a;Snrpf;Elob;Birc5;Rpl41;Rpl36al;Mt1;Mt2;Prtn3;Alad;Lgals1
organic substance biosynthetic process%GObp%GO:1901576,-0.31304512894773184,-1.2233097644134034,0.0,1.0,2170,20,Jund;Lars2;Sphk1;Fdps;mt-Atp6;Mif;Rbm3;Atp5j2;Psat1;Ssbp1;Atp5k;Nop10;Rpl35a;Ost4;Atp5l;Elob;Nfix;Rpl41;Atp5e;Alad,Fdps;mt-Atp6;Mif;Rbm3;Atp5j2;Psat1;Ssbp1;Atp5k;Nop10;Rpl35a;Ost4;Atp5l;Elob;Nfix;Rpl41;Atp5e;Alad
mitochondrion%GOcc%GO:0005739,-0.286803896389159,-1.3694779353301756,0.125,1.0,1923,25,Map1lc3b;Lars2;mt-Nd2;mt-Co3;Ifi27;Fdps;mt-Atp6;Cox7a2;Atp5j2;Cox8a;Ssbp1;Atp5k;Cox5b;Uqcrb;Cox6c;Cox7c;Uqcr10;Rpl35a;Atp5l;Uqcc2;Uqcrq;Mpo;Atp5e;Uqcr11;Echdc2,Fdps;mt-Atp6;Cox7a2;Atp5j2;Cox8a;Ssbp1;Atp5k;Cox5b;Uqcrb;Cox6c;Cox7c;Uqcr10;Rpl35a;Atp5l;Uqcc2;Uqcrq;Mpo;Atp5e;Uqcr11;Echdc2
organelle inner membrane%GOcc%GO:0019866,-0.3157719726003779,-1.3363727198749016,0.16666666666666666,1.0,505,18,mt-Nd2;mt-Co3;Ifi27;mt-Atp6;Cox7a2;Atp5j2;Cox8a;Atp5k;Cox5b;Uqcrb;Cox6c;Cox7c;Uqcr10;Atp5l;Uqcc2;Uqcrq;Atp5e;Uqcr11,mt-Atp6;Cox7a2;Atp5j2;Cox8a;Atp5k;Cox5b;Uqcrb;Cox6c;Cox7c;Uqcr10;Atp5l;Uqcc2;Uqcrq;Atp5e;Uqcr11
biosynthetic process%GObp%GO:0009058,-0.3310895000413184,-1.135414995606821,0.25,1.0,2237,21,Jund;Lars2;Sphk1;Fdps;mt-Atp6;Mif;Rbm3;Atp5j2;Psat1;Ssbp1;Atp5k;Nop10;Rpl35a;Ost4;Atp5l;Elob;Nfix;Rpl41;Mpo;Atp5e;Alad,Fdps;mt-Atp6;Mif;Rbm3;Atp5j2;Psat1;Ssbp1;Atp5k;Nop10;Rpl35a;Ost4;Atp5l;Elob;Nfix;Rpl41;Mpo;Atp5e;Alad
mitochondrial membrane%GOcc%GO:0031966,-0.3157719726003779,-1.3189992335496914,0.25,1.0,650,18,mt-Nd2;mt-Co3;Ifi27;mt-Atp6;Cox7a2;Atp5j2;Cox8a;Atp5k;Cox5b;Uqcrb;Cox6c;Cox7c;Uqcr10;Atp5l;Uqcc2;Uqcrq;Atp5e;Uqcr11,mt-Atp6;Cox7a2;Atp5j2;Cox8a;Atp5k;Cox5b;Uqcrb;Cox6c;Cox7c;Uqcr10;Atp5l;Uqcc2;Uqcrq;Atp5e;Uqcr11
mitochondrial protein-containing complex%GOcc%GO:0098798,-0.35478838461206774,-1.1602041380896617,0.25,1.0,287,16,mt-Nd2;mt-Co3;mt-Atp6;Cox7a2;Atp5j2;Cox8a;Atp5k;Cox5b;Uqcrb;Cox6c;Cox7c;Uqcr10;Atp5l;Uqcrq;Atp5e;Uqcr11,mt-Atp6;Cox7a2;Atp5j2;Cox8a;Atp5k;Cox5b;Uqcrb;Cox6c;Cox7c;Uqcr10;Atp5l;Uqcrq;Atp5e;Uqcr11
catalytic activity%GOmf%GO:0003824,-0.29368356357934905,-1.1299921206021382,0.3333333333333333,1.0,5613,26,Trim12a;Lars2;Gnb4;Car1;mt-Nd2;mt-Co3;Sphk1;Kmt2a;Fdps;mt-Atp6;Cox7a2;Mif;Atp5j2;Cox8a;Psat1;Atp5k;Cox6c;Cox7c;Atp5l;Uqcrq;Mpo;Atp5e;Uqcr11;Echdc2;Prtn3;Alad,Uqcrq;Mpo;Atp5e;Uqcr11;Echdc2;Prtn3;Alad
inner mitochondrial membrane protein complex%GOcc%GO:0098800,-0.35478838461206774,-1.2522248286759512,0.3333333333333333,1.0,143,16,mt-Nd2;mt-Co3;mt-Atp6;Cox7a2;Atp5j2;Cox8a;Atp5k;Cox5b;Uqcrb;Cox6c;Cox7c;Uqcr10;Atp5l;Uqcrq;Atp5e;Uqcr11,mt-Atp6;Cox7a2;Atp5j2;Cox8a;Atp5k;Cox5b;Uqcrb;Cox6c;Cox7c;Uqcr10;Atp5l;Uqcrq;Atp5e;Uqcr11
organic cyclic compound metabolic process%GObp%GO:1901360,-0.12363396814019224,-0.4193109375475507,1.0,1.0,2735,19,Jund;Kcnq1ot1;Lars2;Sphk1;Nipbl;Kmt2a;Fdps;mt-Atp6;Rbm3;Atp5j2;Atp5k;Nop10;Lsm5;Rpl35a;Snrpf;Atp5l;Elob;Atp5e;Alad,Sphk1;Nipbl;Kmt2a;Fdps;mt-Atp6;Rbm3;Atp5j2;Atp5k;Nop10;Lsm5;Rpl35a;Snrpf;Atp5l;Elob;Atp5e;Alad
cellular biosynthetic process%GObp%GO:0044249,-0.31304512894773184,-1.2546604093130775,0.4,1.0,2093,20,Jund;Lars2;Sphk1;Fdps;mt-Atp6;Mif;Rbm3;Atp5j2;Psat1;Ssbp1;Atp5k;Nop10;Rpl35a;Ost4;Atp5l;Elob;Nfix;Rpl41;Atp5e;Alad,Fdps;mt-Atp6;Mif;Rbm3;Atp5j2;Psat1;Ssbp1;Atp5k;Nop10;Rpl35a;Ost4;Atp5l;Elob;Nfix;Rpl41;Atp5e;Alad
nitrogen compound metabolic process%GObp%GO:0006807,-0.1638752851173015,-0.7410257521849878,0.7142857142857143,1.0,6123,26,Jund;Kcnq1ot1;Trim12a;Lars2;Ifi27;Sphk1;Nipbl;Bcl11a;Kmt2a;mt-Atp6;Rbm3;Atp5j2;Psat1;Atp5k;Nop10;Lsm5;Rpl35a;Snrpf;Ost4;Atp5l;Elob;Birc5;Rpl41;Atp5e;Prtn3;Alad,Rpl35a;Snrpf;Ost4;Atp5l;Elob;Birc5;Rpl41;Atp5e;Prtn3;Alad
cellular_component%GOcc%GO:0005575,-0.39668719223424953,-1.0500515678108373,0.4,1.0,29761,65,Plac8;Jund;H2-Q7;H2-Q6;Trim12a;Malat1;Erh;Myb;Map1lc3b;Lars2;Gnb4;Car1;mt-Nd2;mt-Co3;Vamp5;Ifi27;Sphk1;Bst2;Nipbl;Ifngr1;Bcl11a;Kmt2a;H2-K1;Fdps;mt-Atp6;Cox7a2;Ccdc50;Mif;Rbm3;Atp5j2;Cks2;Cox8a;Psat1;Ssbp1;Sec61g;Atp5k;Cox5b;Atox1;Nop10;Uqcrb;Cox6c;Lsm5;Cox7c;Uqcr10;Rpl35a;Snrpf;Icam4;Ost4;Atp5l;Elob;Birc5;Nfix;Uqcc2;Rpl41;Rpl36al;Uqcrq;Mpo;Atp5e;Mt1;Uqcr11;Mt2;Echdc2;Prtn3;Alad;Lgals1,Trim12a;Malat1;Erh;Myb;Map1lc3b;Lars2;Gnb4;Car1;mt-Nd2;mt-Co3;Vamp5;Ifi27;Sphk1;Bst2;Nipbl;Ifngr1;Bcl11a;Kmt2a;H2-K1;Fdps;mt-Atp6;Cox7a2;Ccdc50;Mif;Rbm3;Atp5j2;Cks2;Cox8a;Psat1;Ssbp1;Sec61g;Atp5k;Cox5b;Atox1;Nop10;Uqcrb;Cox6c;Lsm5;Cox7c;Uqcr10;Rpl35a;Snrpf;Icam4;Ost4;Atp5l;Elob;Birc5;Nfix;Uqcc2;Rpl41;Rpl36al;Uqcrq;Mpo;Atp5e;Mt1;Uqcr11;Mt2;Echdc2;Prtn3;Alad;Lgals1
negative regulation of biological process%GObp%GO:0048519,-0.23329452733654513,-1.0326285377363682,0.42857142857142855,1.0,5632,23,Plac8;Jund;Kcnq1ot1;Trim12a;Myb;Ifi27;Sphk1;Bst2;Nipbl;Ifngr1;Bcl11a;Kmt2a;H2-K1;Mif;Rbm3;Atox1;Lsm5;Birc5;Nfix;Mt1;Prtn3;Alad;Lgals1,Prtn3;Alad;Lgals1
organelle envelope%GOcc%GO:0031967,-0.3157719726003779,-1.0298213844018458,0.42857142857142855,1.0,1119,18,mt-Nd2;mt-Co3;Ifi27;mt-Atp6;Cox7a2;Atp5j2;Cox8a;Atp5k;Cox5b;Uqcrb;Cox6c;Cox7c;Uqcr10;Atp5l;Uqcc2;Uqcrq;Atp5e;Uqcr11,mt-Atp6;Cox7a2;Atp5j2;Cox8a;Atp5k;Cox5b;Uqcrb;Cox6c;Cox7c;Uqcr10;Atp5l;Uqcc2;Uqcrq;Atp5e;Uqcr11
cellular anatomical entity%GOcc%GO:0110165,-0.3240248710676755,-1.027289352750499,0.5,1.0,19283,64,Plac8;Jund;H2-Q7;H2-Q6;Trim12a;Malat1;Erh;Myb;Map1lc3b;Lars2;Gnb4;Car1;mt-Nd2;mt-Co3;Vamp5;Ifi27;Sphk1;Bst2;Nipbl;Ifngr1;Bcl11a;Kmt2a;H2-K1;Fdps;mt-Atp6;Cox7a2;Ccdc50;Mif;Rbm3;Atp5j2;Cox8a;Psat1;Ssbp1;Sec61g;Atp5k;Cox5b;Atox1;Nop10;Uqcrb;Cox6c;Lsm5;Cox7c;Uqcr10;Rpl35a;Snrpf;Icam4;Ost4;Atp5l;Elob;Birc5;Nfix;Uqcc2;Rpl41;Rpl36al;Uqcrq;Mpo;Atp5e;Mt1;Uqcr11;Mt2;Echdc2;Prtn3;Alad;Lgals1,Trim12a;Malat1;Erh;Myb;Map1lc3b;Lars2;Gnb4;Car1;mt-Nd2;mt-Co3;Vamp5;Ifi27;Sphk1;Bst2;Nipbl;Ifngr1;Bcl11a;Kmt2a;H2-K1;Fdps;mt-Atp6;Cox7a2;Ccdc50;Mif;Rbm3;Atp5j2;Cox8a;Psat1;Ssbp1;Sec61g;Atp5k;Cox5b;Atox1;Nop10;Uqcrb;Cox6c;Lsm5;Cox7c;Uqcr10;Rpl35a;Snrpf;Icam4;Ost4;Atp5l;Elob;Birc5;Nfix;Uqcc2;Rpl41;Rpl36al;Uqcrq;Mpo;Atp5e;Mt1;Uqcr11;Mt2;Echdc2;Prtn3;Alad;Lgals1
intracellular anatomical structure%GOcc%GO:0005622,-0.3240248710676755,-1.0127608926717258,0.5,1.0,14420,64,Plac8;Jund;H2-Q7;H2-Q6;Trim12a;Malat1;Erh;Myb;Map1lc3b;Lars2;Gnb4;Car1;mt-Nd2;mt-Co3;Vamp5;Ifi27;Sphk1;Bst2;Nipbl;Ifngr1;Bcl11a;Kmt2a;H2-K1;Fdps;mt-Atp6;Cox7a2;Ccdc50;Mif;Rbm3;Atp5j2;Cox8a;Psat1;Ssbp1;Sec61g;Atp5k;Cox5b;Atox1;Nop10;Uqcrb;Cox6c;Lsm5;Cox7c;Uqcr10;Rpl35a;Snrpf;Icam4;Ost4;Atp5l;Elob;Birc5;Nfix;Uqcc2;Rpl41;Rpl36al;Uqcrq;Mpo;Atp5e;Mt1;Uqcr11;Mt2;Echdc2;Prtn3;Alad;Lgals1,Trim12a;Malat1;Erh;Myb;Map1lc3b;Lars2;Gnb4;Car1;mt-Nd2;mt-Co3;Vamp5;Ifi27;Sphk1;Bst2;Nipbl;Ifngr1;Bcl11a;Kmt2a;H2-K1;Fdps;mt-Atp6;Cox7a2;Ccdc50;Mif;Rbm3;Atp5j2;Cox8a;Psat1;Ssbp1;Sec61g;Atp5k;Cox5b;Atox1;Nop10;Uqcrb;Cox6c;Lsm5;Cox7c;Uqcr10;Rpl35a;Snrpf;Icam4;Ost4;Atp5l;Elob;Birc5;Nfix;Uqcc2;Rpl41;Rpl36al;Uqcrq;Mpo;Atp5e;Mt1;Uqcr11;Mt2;Echdc2;Prtn3;Alad;Lgals1
multicellular organism development%GObp%GO:0007275,-0.2644309993367631,-1.1072933108785066,0.5,1.0,5086,15,H2-Q7;Myb;Vamp5;Sphk1;Nipbl;Ifngr1;Bcl11a;Kmt2a;H2-K1;Cks2;Birc5;Nfix;Uqcrq;Prtn3;Lgals1,Birc5;Nfix;Uqcrq;Prtn3;Lgals1
negative regulation of cellular process%GObp%GO:0048523,-0.23367891228810939,-0.9613801880808033,0.5,1.0,5066,17,Plac8;Jund;Myb;Ifi27;Sphk1;Bst2;Nipbl;Bcl11a;Kmt2a;H2-K1;Mif;Atox1;Birc5;Nfix;Mt1;Alad;Lgals1,Alad;Lgals1
organonitrogen compound metabolic process%GObp%GO:1901564,-0.23023577557211095,-1.127662515996075,0.5,1.0,4649,19,Trim12a;Lars2;Ifi27;Sphk1;Bcl11a;Kmt2a;mt-Atp6;Rbm3;Atp5j2;Psat1;Atp5k;Rpl35a;Ost4;Atp5l;Birc5;Rpl41;Atp5e;Prtn3;Alad,Rpl35a;Ost4;Atp5l;Birc5;Rpl41;Atp5e;Prtn3;Alad
protein-containing complex%GOcc%GO:0032991,-0.22409729467228612,-1.1239133761742641,0.5,1.0,5831,39,Jund;H2-Q7;H2-Q6;Erh;Map1lc3b;Gnb4;mt-Nd2;mt-Co3;Nipbl;Bcl11a;Kmt2a;H2-K1;mt-Atp6;Cox7a2;Rbm3;Atp5j2;Cks2;Cox8a;Sec61g;Atp5k;Cox5b;Nop10;Uqcrb;Cox6c;Lsm5;Cox7c;Uqcr10;Rpl35a;Snrpf;Ost4;Atp5l;Elob;Birc5;Rpl41;Rpl36al;Uqcrq;Atp5e;Uqcr11;Lgals1,Rbm3;Atp5j2;Cks2;Cox8a;Sec61g;Atp5k;Cox5b;Nop10;Uqcrb;Cox6c;Lsm5;Cox7c;Uqcr10;Rpl35a;Snrpf;Ost4;Atp5l;Elob;Birc5;Rpl41;Rpl36al;Uqcrq;Atp5e;Uqcr11;Lgals1
metabolic process%GObp%GO:0008152,-0.2014089173382096,-0.8931134134270479,0.5714285714285714,1.0,7884,41,Jund;Kcnq1ot1;Trim12a;Map1lc3b;Lars2;Car1;mt-Nd2;mt-Co3;Ifi27;Sphk1;Nipbl;Bcl11a;Kmt2a;Fdps;mt-Atp6;Mif;Rbm3;Atp5j2;Psat1;Ssbp1;Atp5k;Cox5b;Nop10;Uqcrb;Lsm5;Cox7c;Uqcr10;Rpl35a;Snrpf;Ost4;Atp5l;Elob;Birc5;Nfix;Rpl41;Uqcrq;Mpo;Atp5e;Echdc2;Prtn3;Alad,Psat1;Ssbp1;Atp5k;Cox5b;Nop10;Uqcrb;Lsm5;Cox7c;Uqcr10;Rpl35a;Snrpf;Ost4;Atp5l;Elob;Birc5;Nfix;Rpl41;Uqcrq;Mpo;Atp5e;Echdc2;Prtn3;Alad
mitochondrial envelope%GOcc%GO:0005740,-0.3157719726003779,-0.98635771423606,0.5714285714285714,1.0,702,18,mt-Nd2;mt-Co3;Ifi27;mt-Atp6;Cox7a2;Atp5j2;Cox8a;Atp5k;Cox5b;Uqcrb;Cox6c;Cox7c;Uqcr10;Atp5l;Uqcc2;Uqcrq;Atp5e;Uqcr11,mt-Atp6;Cox7a2;Atp5j2;Cox8a;Atp5k;Cox5b;Uqcrb;Cox6c;Cox7c;Uqcr10;Atp5l;Uqcc2;Uqcrq;Atp5e;Uqcr11
intrinsic component of membrane%GOcc%GO:0031224,-0.19938372044398278,-0.9042298662048887,0.6,1.0,6154,19,H2-Q7;mt-Nd2;mt-Co3;Vamp5;Bst2;Ifngr1;H2-K1;Cox7a2;Atp5j2;Cox8a;Sec61g;Uqcrb;Cox6c;Cox7c;Uqcr10;Icam4;Ost4;Uqcrq;Uqcr11,mt-Nd2;mt-Co3;Vamp5;Bst2;Ifngr1;H2-K1;Cox7a2;Atp5j2;Cox8a;Sec61g;Uqcrb;Cox6c;Cox7c;Uqcr10;Icam4;Ost4;Uqcrq;Uqcr11
envelope%GOcc%GO:0031975,-0.3157719726003779,-1.2928926500032067,0.4,1.0,1119,18,mt-Nd2;mt-Co3;Ifi27;mt-Atp6;Cox7a2;Atp5j2;Cox8a;Atp5k;Cox5b;Uqcrb;Cox6c;Cox7c;Uqcr10;Atp5l;Uqcc2;Uqcrq;Atp5e;Uqcr11,mt-Atp6;Cox7a2;Atp5j2;Cox8a;Atp5k;Cox5b;Uqcrb;Cox6c;Cox7c;Uqcr10;Atp5l;Uqcc2;Uqcrq;Atp5e;Uqcr11
primary metabolic process%GObp%GO:0044238,-0.15818545415449975,-0.5970787013458957,1.0,1.0,6722,28,Jund;Kcnq1ot1;Trim12a;Lars2;Ifi27;Sphk1;Nipbl;Bcl11a;Kmt2a;Fdps;mt-Atp6;Mif;Rbm3;Atp5j2;Psat1;Atp5k;Nop10;Lsm5;Rpl35a;Snrpf;Ost4;Atp5l;Elob;Birc5;Rpl41;Atp5e;Echdc2;Prtn3,Ifi27;Sphk1;Nipbl;Bcl11a;Kmt2a;Fdps;mt-Atp6;Mif;Rbm3;Atp5j2;Psat1;Atp5k;Nop10;Lsm5;Rpl35a;Snrpf;Ost4;Atp5l;Elob;Birc5;Rpl41;Atp5e;Echdc2;Prtn3
